filename,label
00000068.jpg,amusement_arcade
00000037.jpg,amusement_arcade
00000054.jpg,amusement_arcade
00000066.jpg,amusement_arcade
00000112.jpg,amusement_arcade
00000170.jpg,amusement_arcade
00000057.jpg,amusement_arcade
00000114.jpg,amusement_arcade
00000048.jpg,amusement_arcade
00000019.jpg,amusement_arcade
00000130.jpg,amusement_arcade
00000177.jpg,amusement_arcade
00000005.jpg,amusement_arcade
00000159.jpg,amusement_arcade
00000149.jpg,amusement_arcade
00000150.jpg,amusement_arcade
00000063.jpg,amusement_arcade
00000173.jpg,amusement_arcade
00000093.jpg,amusement_arcade
00000078.jpg,amusement_arcade
00000165.jpg,amusement_arcade
00000065.jpg,amusement_arcade
00000062.jpg,amusement_arcade
00000154.jpg,amusement_arcade
00000072.jpg,amusement_arcade
00000176.jpg,amusement_arcade
00000001.jpg,amusement_arcade
00000004.jpg,amusement_arcade
00000030.jpg,amusement_arcade
00000091.jpg,amusement_arcade
00000055.jpg,amusement_arcade
00000139.jpg,amusement_arcade
00000007.jpg,amusement_arcade
00000090.jpg,amusement_arcade
00000084.jpg,amusement_arcade
00000050.jpg,amusement_arcade
00000087.jpg,amusement_arcade
00000049.jpg,amusement_arcade
00000167.jpg,amusement_arcade
00000045.jpg,amusement_arcade
00000012.jpg,amusement_arcade
00000081.jpg,amusement_arcade
00000119.jpg,amusement_arcade
00000103.jpg,amusement_arcade
00000064.jpg,amusement_arcade
00000075.jpg,amusement_arcade
00000011.jpg,amusement_arcade
00000013.jpg,amusement_arcade
00000116.jpg,amusement_arcade
00000162.jpg,amusement_arcade
00000029.jpg,amusement_arcade
00000153.jpg,amusement_arcade
00000129.jpg,amusement_arcade
00000028.jpg,amusement_arcade
00000097.jpg,amusement_arcade
00000039.jpg,amusement_arcade
00000095.jpg,amusement_arcade
00000155.jpg,amusement_arcade
00000158.jpg,amusement_arcade
00000133.jpg,amusement_arcade
00000100.jpg,amusement_arcade
00000140.jpg,amusement_arcade
00000178.jpg,amusement_arcade
00000187.jpg,amusement_arcade
00000071.jpg,amusement_arcade
00000172.jpg,amusement_arcade
00000179.jpg,amusement_arcade
00000143.jpg,amusement_arcade
00000145.jpg,amusement_arcade
00000052.jpg,amusement_arcade
00000079.jpg,amusement_arcade
00000025.jpg,amusement_arcade
00000124.jpg,amusement_arcade
00000117.jpg,amusement_arcade
00000015.jpg,amusement_arcade
00000040.jpg,amusement_arcade
00000191.jpg,amusement_arcade
00000200.jpg,amusement_arcade
00000067.jpg,amusement_arcade
00000059.jpg,amusement_arcade
00000098.jpg,amusement_arcade
00000038.jpg,amusement_arcade
00000006.jpg,amusement_arcade
00000027.jpg,amusement_arcade
00000138.jpg,amusement_arcade
00000035.jpg,amusement_arcade
00000106.jpg,amusement_arcade
00000021.jpg,amusement_arcade
00000092.jpg,amusement_arcade
00000183.jpg,amusement_arcade
00000101.jpg,amusement_arcade
00000051.jpg,amusement_arcade
00000169.jpg,amusement_arcade
00000171.jpg,amusement_arcade
00000082.jpg,amusement_arcade
00000070.jpg,amusement_arcade
00000152.jpg,amusement_arcade
00000192.jpg,amusement_arcade
00000107.jpg,amusement_arcade
00000147.jpg,amusement_arcade
00000085.jpg,amusement_arcade
00000198.jpg,amusement_arcade
00000058.jpg,amusement_arcade
00000024.jpg,amusement_arcade
00000111.jpg,amusement_arcade
00000086.jpg,amusement_arcade
00000016.jpg,amusement_arcade
00000041.jpg,amusement_arcade
00000132.jpg,amusement_arcade
00000181.jpg,amusement_arcade
00000061.jpg,amusement_arcade
00000009.jpg,amusement_arcade
00000120.jpg,amusement_arcade
00000197.jpg,amusement_arcade
00000105.jpg,amusement_arcade
00000199.jpg,amusement_arcade
00000032.jpg,amusement_arcade
00000131.jpg,amusement_arcade
00000089.jpg,amusement_arcade
00000073.jpg,amusement_arcade
00000118.jpg,amusement_arcade
00000195.jpg,amusement_arcade
00000023.jpg,amusement_arcade
00000020.jpg,amusement_arcade
00000076.jpg,amusement_arcade
00000077.jpg,amusement_arcade
00000109.jpg,amusement_arcade
00000157.jpg,amusement_arcade
00000113.jpg,amusement_arcade
00000014.jpg,amusement_arcade
00000126.jpg,amusement_arcade
00000136.jpg,amusement_arcade
00000010.jpg,amusement_arcade
00000190.jpg,amusement_arcade
00000053.jpg,amusement_arcade
00000044.jpg,amusement_arcade
00000164.jpg,amusement_arcade
00000102.jpg,amusement_arcade
00000182.jpg,amusement_arcade
00000163.jpg,amusement_arcade
00000127.jpg,amusement_arcade
00000074.jpg,amusement_arcade
00000151.jpg,amusement_arcade
00000184.jpg,amusement_arcade
00000146.jpg,amusement_arcade
00000022.jpg,amusement_arcade
00000168.jpg,amusement_arcade
00000033.jpg,amusement_arcade
00000003.jpg,amusement_arcade
00000123.jpg,amusement_arcade
00000142.jpg,amusement_arcade
00000088.jpg,amusement_arcade
00000080.jpg,amusement_arcade
00000135.jpg,amusement_arcade
00000125.jpg,amusement_arcade
00000160.jpg,amusement_arcade
00000115.jpg,amusement_arcade
00000094.jpg,amusement_arcade
00000122.jpg,amusement_arcade
00000104.jpg,amusement_arcade
00000042.jpg,amusement_arcade
00000188.jpg,amusement_arcade
00000180.jpg,amusement_arcade
00000137.jpg,amusement_arcade
00000166.jpg,amusement_arcade
00000108.jpg,amusement_arcade
00000110.jpg,amusement_arcade
00000069.jpg,amusement_arcade
00000185.jpg,amusement_arcade
00000134.jpg,amusement_arcade
00000099.jpg,amusement_arcade
00000186.jpg,amusement_arcade
00000031.jpg,amusement_arcade
00000083.jpg,amusement_arcade
00000034.jpg,amusement_arcade
00000060.jpg,amusement_arcade
00000175.jpg,amusement_arcade
00000174.jpg,amusement_arcade
00000026.jpg,amusement_arcade
00000056.jpg,amusement_arcade
00000141.jpg,amusement_arcade
00000047.jpg,amusement_arcade
00000148.jpg,amusement_arcade
00000128.jpg,amusement_arcade
00000161.jpg,amusement_arcade
00000193.jpg,amusement_arcade
00000096.jpg,amusement_arcade
00000017.jpg,amusement_arcade
00000043.jpg,amusement_arcade
00000008.jpg,amusement_arcade
00000018.jpg,amusement_arcade
00000196.jpg,amusement_arcade
00000121.jpg,amusement_arcade
00000156.jpg,amusement_arcade
00000144.jpg,amusement_arcade
00000194.jpg,amusement_arcade
00000002.jpg,amusement_arcade
00000046.jpg,amusement_arcade
00000036.jpg,amusement_arcade
00000189.jpg,amusement_arcade
00003861.jpg,arcade
00000309.jpg,arcade
00001257.jpg,arcade
00001521.jpg,arcade
00000407.jpg,arcade
00000809.jpg,arcade
00002710.jpg,arcade
00001348.jpg,arcade
00001969.jpg,arcade
00001292.jpg,arcade
00001239.jpg,arcade
00001135.jpg,arcade
00001866.jpg,arcade
00001915.jpg,arcade
00003922.jpg,arcade
00002033.jpg,arcade
00004801.jpg,arcade
00001783.jpg,arcade
00003366.jpg,arcade
00002369.jpg,arcade
00002375.jpg,arcade
00001375.jpg,arcade
00004171.jpg,arcade
00003263.jpg,arcade
00001293.jpg,arcade
00000412.jpg,arcade
00001505.jpg,arcade
00001635.jpg,arcade
00003491.jpg,arcade
00004741.jpg,arcade
00001860.jpg,arcade
00002674.jpg,arcade
00000813.jpg,arcade
00003272.jpg,arcade
00004275.jpg,arcade
00003135.jpg,arcade
00003953.jpg,arcade
00002329.jpg,arcade
00001679.jpg,arcade
00002242.jpg,arcade
00000037.jpg,arcade
00002574.jpg,arcade
00001815.jpg,arcade
00003518.jpg,arcade
00000019.jpg,archive
00000169.jpg,archive
00000117.jpg,archive
00000135.jpg,archive
00000107.jpg,archive
00000103.jpg,archive
00000082.jpg,archive
00000029.jpg,archive
00000128.jpg,archive
00000091.jpg,archive
00000065.jpg,archive
00000033.jpg,archive
00000064.jpg,archive
00000199.jpg,archive
00000148.jpg,archive
00000068.jpg,archive
00000047.jpg,archive
00000156.jpg,archive
00000149.jpg,archive
00000078.jpg,archive
00000030.jpg,archive
00000192.jpg,archive
00000014.jpg,archive
00000180.jpg,archive
00000044.jpg,archive
00000157.jpg,archive
00000194.jpg,archive
00000083.jpg,archive
00000146.jpg,archive
00000095.jpg,archive
00000023.jpg,archive
00000196.jpg,archive
00000200.jpg,archive
00000020.jpg,archive
00000090.jpg,archive
00000012.jpg,archive
00000191.jpg,archive
00000055.jpg,archive
00000058.jpg,archive
00000070.jpg,archive
00000087.jpg,archive
00000071.jpg,archive
00000077.jpg,archive
00000057.jpg,archive
00000130.jpg,archive
00000183.jpg,archive
00000154.jpg,archive
00000072.jpg,archive
00000101.jpg,archive
00000175.jpg,archive
00000168.jpg,archive
00000125.jpg,archive
00000193.jpg,archive
00000099.jpg,archive
00000061.jpg,archive
00000106.jpg,archive
00000118.jpg,archive
00000102.jpg,archive
00000013.jpg,archive
00000049.jpg,archive
00000197.jpg,archive
00000100.jpg,archive
00000060.jpg,archive
00000158.jpg,archive
00000110.jpg,archive
00000002.jpg,archive
00000162.jpg,archive
00000127.jpg,archive
00000039.jpg,archive
00000114.jpg,archive
00000034.jpg,archive
00000138.jpg,archive
00000144.jpg,archive
00000026.jpg,archive
00000008.jpg,archive
00000109.jpg,archive
00000053.jpg,archive
00000066.jpg,archive
00000145.jpg,archive
00000147.jpg,archive
00000041.jpg,archive
00000152.jpg,archive
00000011.jpg,archive
00000081.jpg,archive
00000022.jpg,archive
00000035.jpg,archive
00000048.jpg,archive
00000134.jpg,archive
00000038.jpg,archive
00000042.jpg,archive
00000188.jpg,archive
00000018.jpg,archive
00000094.jpg,archive
00000172.jpg,archive
00000010.jpg,archive
00000166.jpg,archive
00000097.jpg,archive
00000164.jpg,archive
00000007.jpg,archive
00000116.jpg,archive
00000198.jpg,archive
00000121.jpg,archive
00000112.jpg,archive
00000025.jpg,archive
00000074.jpg,archive
00000027.jpg,archive
00000036.jpg,archive
00000088.jpg,archive
00000186.jpg,archive
00000096.jpg,archive
00000063.jpg,archive
00000080.jpg,archive
00000190.jpg,archive
00000032.jpg,archive
00000141.jpg,archive
00000179.jpg,archive
00000005.jpg,archive
00000031.jpg,archive
00000153.jpg,archive
00000017.jpg,archive
00000021.jpg,archive
00000001.jpg,archive
00000181.jpg,archive
00000085.jpg,archive
00000159.jpg,archive
00000111.jpg,archive
00000009.jpg,archive
00000062.jpg,archive
00000120.jpg,archive
00000126.jpg,archive
00000051.jpg,archive
00000073.jpg,archive
00000150.jpg,archive
00000151.jpg,archive
00000133.jpg,archive
00000108.jpg,archive
00000176.jpg,archive
00000119.jpg,archive
00000184.jpg,archive
00000093.jpg,archive
00000165.jpg,archive
00000084.jpg,archive
00000132.jpg,archive
00000040.jpg,archive
00000173.jpg,archive
00000140.jpg,archive
00000067.jpg,archive
00000043.jpg,archive
00000167.jpg,archive
00000015.jpg,archive
00000075.jpg,archive
00000092.jpg,archive
00000129.jpg,archive
00000195.jpg,archive
00000024.jpg,archive
00000122.jpg,archive
00000004.jpg,archive
00000104.jpg,archive
00000050.jpg,archive
00000028.jpg,archive
00000177.jpg,archive
00000178.jpg,archive
00000174.jpg,archive
00000076.jpg,archive
00000160.jpg,archive
00000155.jpg,archive
00000046.jpg,archive
00000016.jpg,archive
00000037.jpg,archive
00000056.jpg,archive
00000123.jpg,archive
00000045.jpg,archive
00000113.jpg,archive
00000052.jpg,archive
00000115.jpg,archive
00000089.jpg,archive
00000182.jpg,archive
00000131.jpg,archive
00000139.jpg,archive
00000187.jpg,archive
00000161.jpg,archive
00000098.jpg,archive
00000171.jpg,archive
00000003.jpg,archive
00000105.jpg,archive
00000059.jpg,archive
00000079.jpg,archive
00000006.jpg,archive
00000137.jpg,archive
00000189.jpg,archive
00000163.jpg,archive
00000142.jpg,archive
00000124.jpg,archive
00000136.jpg,archive
00000054.jpg,archive
00000069.jpg,archive
00000185.jpg,archive
00000086.jpg,archive
00000170.jpg,archive
00000143.jpg,archive
00000142.jpg,beach_house
00000087.jpg,beach_house
00000096.jpg,beach_house
00000134.jpg,beach_house
00000048.jpg,beach_house
00000178.jpg,beach_house
00000045.jpg,beach_house
00000010.jpg,beach_house
00000198.jpg,beach_house
00000164.jpg,beach_house
00000133.jpg,beach_house
00000002.jpg,beach_house
00000014.jpg,beach_house
00000144.jpg,beach_house
00000099.jpg,beach_house
00000191.jpg,beach_house
00000029.jpg,beach_house
00000009.jpg,beach_house
00000183.jpg,beach_house
00000143.jpg,beach_house
00000169.jpg,beach_house
00000140.jpg,beach_house
00000149.jpg,beach_house
00000195.jpg,beach_house
00000163.jpg,beach_house
00000188.jpg,beach_house
00000085.jpg,beach_house
00000170.jpg,beach_house
00000125.jpg,beach_house
00000078.jpg,beach_house
00000161.jpg,beach_house
00000051.jpg,beach_house
00000113.jpg,beach_house
00000150.jpg,beach_house
00000186.jpg,beach_house
00000157.jpg,beach_house
00000079.jpg,beach_house
00000055.jpg,beach_house
00000107.jpg,beach_house
00000075.jpg,beach_house
00000049.jpg,beach_house
00000036.jpg,beach_house
00000021.jpg,beach_house
00000167.jpg,beach_house
00000182.jpg,beach_house
00000024.jpg,beach_house
00000095.jpg,beach_house
00000039.jpg,beach_house
00000076.jpg,beach_house
00000104.jpg,beach_house
00000132.jpg,beach_house
00000042.jpg,beach_house
00000137.jpg,beach_house
00000015.jpg,beach_house
00000052.jpg,beach_house
00000172.jpg,beach_house
00000130.jpg,beach_house
00000189.jpg,beach_house
00000037.jpg,beach_house
00000080.jpg,beach_house
00000088.jpg,beach_house
00000077.jpg,beach_house
00000145.jpg,beach_house
00000056.jpg,beach_house
00000159.jpg,beach_house
00000011.jpg,beach_house
00000041.jpg,beach_house
00000154.jpg,beach_house
00000168.jpg,beach_house
00000012.jpg,beach_house
00000190.jpg,beach_house
00000020.jpg,beach_house
00000038.jpg,beach_house
00000128.jpg,beach_house
00000199.jpg,beach_house
00000060.jpg,beach_house
00000084.jpg,beach_house
00000025.jpg,beach_house
00000065.jpg,beach_house
00000106.jpg,beach_house
00000016.jpg,beach_house
00000110.jpg,beach_house
00000108.jpg,beach_house
00000105.jpg,beach_house
00000019.jpg,beach_house
00000148.jpg,beach_house
00000003.jpg,beach_house
00000165.jpg,beach_house
00000044.jpg,beach_house
00000031.jpg,beach_house
00000102.jpg,beach_house
00000072.jpg,beach_house
00000054.jpg,beach_house
00000064.jpg,beach_house
00000066.jpg,beach_house
00000162.jpg,beach_house
00000180.jpg,beach_house
00000070.jpg,beach_house
00000046.jpg,beach_house
00000091.jpg,beach_house
00000018.jpg,beach_house
00000050.jpg,beach_house
00000035.jpg,beach_house
00000138.jpg,beach_house
00000151.jpg,beach_house
00000197.jpg,beach_house
00000067.jpg,beach_house
00000069.jpg,beach_house
00000005.jpg,beach_house
00000196.jpg,beach_house
00000062.jpg,beach_house
00000117.jpg,beach_house
00000166.jpg,beach_house
00000089.jpg,beach_house
00000136.jpg,beach_house
00000112.jpg,beach_house
00000083.jpg,beach_house
00000109.jpg,beach_house
00000115.jpg,beach_house
00000022.jpg,beach_house
00000139.jpg,beach_house
00000155.jpg,beach_house
00000116.jpg,beach_house
00000193.jpg,beach_house
00000097.jpg,beach_house
00000017.jpg,beach_house
00000131.jpg,beach_house
00000160.jpg,beach_house
00000141.jpg,beach_house
00000156.jpg,beach_house
00000123.jpg,beach_house
00000100.jpg,beach_house
00000177.jpg,beach_house
00000103.jpg,beach_house
00000122.jpg,beach_house
00000082.jpg,beach_house
00000147.jpg,beach_house
00000185.jpg,beach_house
00000043.jpg,beach_house
00000058.jpg,beach_house
00000187.jpg,beach_house
00000030.jpg,beach_house
00000181.jpg,beach_house
00000008.jpg,beach_house
00000184.jpg,beach_house
00000101.jpg,beach_house
00000059.jpg,beach_house
00000152.jpg,beach_house
00000158.jpg,beach_house
00000023.jpg,beach_house
00000028.jpg,beach_house
00000194.jpg,beach_house
00000175.jpg,beach_house
00000111.jpg,beach_house
00000094.jpg,beach_house
00000120.jpg,beach_house
00000093.jpg,beach_house
00000073.jpg,beach_house
00000053.jpg,beach_house
00000092.jpg,beach_house
00000129.jpg,beach_house
00000124.jpg,beach_house
00000026.jpg,beach_house
00000179.jpg,beach_house
00000027.jpg,beach_house
00000040.jpg,beach_house
00000057.jpg,beach_house
00000118.jpg,beach_house
00000047.jpg,beach_house
00000200.jpg,beach_house
00000090.jpg,beach_house
00000007.jpg,beach_house
00000063.jpg,beach_house
00000119.jpg,beach_house
00000004.jpg,beach_house
00000114.jpg,beach_house
00000071.jpg,beach_house
00000121.jpg,beach_house
00000176.jpg,beach_house
00000098.jpg,beach_house
00000127.jpg,beach_house
00000126.jpg,beach_house
00000081.jpg,beach_house
00000146.jpg,beach_house
00000001.jpg,beach_house
00000033.jpg,beach_house
00000171.jpg,beach_house
00000086.jpg,beach_house
00000034.jpg,beach_house
00000068.jpg,beach_house
00000153.jpg,beach_house
00000006.jpg,beach_house
00000174.jpg,beach_house
00000032.jpg,beach_house
00000013.jpg,beach_house
00000135.jpg,beach_house
00000173.jpg,beach_house
00000192.jpg,beach_house
00000061.jpg,beach_house
00000074.jpg,beach_house
00000173.jpg,cafeteria
00000177.jpg,cafeteria
00000010.jpg,cafeteria
00000080.jpg,cafeteria
00000019.jpg,cafeteria
00000137.jpg,cafeteria
00000140.jpg,cafeteria
00000008.jpg,cafeteria
00000164.jpg,cafeteria
00000147.jpg,cafeteria
00000037.jpg,cafeteria
00000181.jpg,cafeteria
00000007.jpg,cafeteria
00000015.jpg,cafeteria
00000049.jpg,cafeteria
00000098.jpg,cafeteria
00000143.jpg,cafeteria
00000017.jpg,cafeteria
00000103.jpg,cafeteria
00000168.jpg,cafeteria
00000112.jpg,cafeteria
00000141.jpg,cafeteria
00000198.jpg,cafeteria
00000130.jpg,cafeteria
00000021.jpg,cafeteria
00000159.jpg,cafeteria
00000136.jpg,cafeteria
00000172.jpg,cafeteria
00000045.jpg,cafeteria
00000187.jpg,cafeteria
00000125.jpg,cafeteria
00000012.jpg,cafeteria
00000067.jpg,cafeteria
00000081.jpg,cafeteria
00000160.jpg,cafeteria
00000188.jpg,cafeteria
00000104.jpg,cafeteria
00000111.jpg,cafeteria
00000182.jpg,cafeteria
00000038.jpg,cafeteria
00000120.jpg,cafeteria
00000043.jpg,cafeteria
00000064.jpg,cafeteria
00000023.jpg,cafeteria
00000123.jpg,cafeteria
00000167.jpg,cafeteria
00000152.jpg,cafeteria
00000047.jpg,cafeteria
00000193.jpg,cafeteria
00000138.jpg,cafeteria
00000174.jpg,cafeteria
00000101.jpg,cafeteria
00000184.jpg,cafeteria
00000190.jpg,cafeteria
00000133.jpg,cafeteria
00000027.jpg,cafeteria
00000142.jpg,cafeteria
00000006.jpg,cafeteria
00000052.jpg,cafeteria
00000001.jpg,cafeteria
00000114.jpg,cafeteria
00000161.jpg,cafeteria
00000009.jpg,cafeteria
00000148.jpg,cafeteria
00000127.jpg,cafeteria
00000129.jpg,cafeteria
00000022.jpg,cafeteria
00000135.jpg,cafeteria
00000113.jpg,cafeteria
00000046.jpg,cafeteria
00000016.jpg,cafeteria
00000072.jpg,cafeteria
00000199.jpg,cafeteria
00000134.jpg,cafeteria
00000162.jpg,cafeteria
00000156.jpg,cafeteria
00000196.jpg,cafeteria
00000191.jpg,cafeteria
00000099.jpg,cafeteria
00000004.jpg,cafeteria
00000145.jpg,cafeteria
00000031.jpg,cafeteria
00000185.jpg,cafeteria
00000003.jpg,cafeteria
00000186.jpg,cafeteria
00000092.jpg,cafeteria
00000068.jpg,cafeteria
00000073.jpg,cafeteria
00000093.jpg,cafeteria
00000131.jpg,cafeteria
00000076.jpg,cafeteria
00000102.jpg,cafeteria
00000100.jpg,cafeteria
00000028.jpg,cafeteria
00000180.jpg,cafeteria
00000089.jpg,cafeteria
00000039.jpg,cafeteria
00000109.jpg,cafeteria
00000139.jpg,cafeteria
00000035.jpg,cafeteria
00000169.jpg,cafeteria
00000033.jpg,cafeteria
00000051.jpg,cafeteria
00000165.jpg,cafeteria
00000085.jpg,cafeteria
00000097.jpg,cafeteria
00000171.jpg,cafeteria
00000071.jpg,cafeteria
00000041.jpg,cafeteria
00000059.jpg,cafeteria
00000057.jpg,cafeteria
00000042.jpg,cafeteria
00000153.jpg,cafeteria
00000158.jpg,cafeteria
00000078.jpg,cafeteria
00000013.jpg,cafeteria
00000179.jpg,cafeteria
00000025.jpg,cafeteria
00000034.jpg,cafeteria
00000154.jpg,cafeteria
00000151.jpg,cafeteria
00000115.jpg,cafeteria
00000054.jpg,cafeteria
00000094.jpg,cafeteria
00000077.jpg,cafeteria
00000149.jpg,cafeteria
00000200.jpg,cafeteria
00000189.jpg,cafeteria
00000195.jpg,cafeteria
00000183.jpg,cafeteria
00000178.jpg,cafeteria
00000062.jpg,cafeteria
00000036.jpg,cafeteria
00000053.jpg,cafeteria
00000124.jpg,cafeteria
00000050.jpg,cafeteria
00000121.jpg,cafeteria
00000091.jpg,cafeteria
00000082.jpg,cafeteria
00000075.jpg,cafeteria
00000175.jpg,cafeteria
00000029.jpg,cafeteria
00000084.jpg,cafeteria
00000070.jpg,cafeteria
00000126.jpg,cafeteria
00000056.jpg,cafeteria
00000105.jpg,cafeteria
00000063.jpg,cafeteria
00000002.jpg,cafeteria
00000110.jpg,cafeteria
00000132.jpg,cafeteria
00000197.jpg,cafeteria
00000066.jpg,cafeteria
00000061.jpg,cafeteria
00000044.jpg,cafeteria
00000065.jpg,cafeteria
00000106.jpg,cafeteria
00000119.jpg,cafeteria
00000117.jpg,cafeteria
00000014.jpg,cafeteria
00000194.jpg,cafeteria
00000192.jpg,cafeteria
00000128.jpg,cafeteria
00000040.jpg,cafeteria
00000087.jpg,cafeteria
00000090.jpg,cafeteria
00000157.jpg,cafeteria
00000088.jpg,cafeteria
00000086.jpg,cafeteria
00000048.jpg,cafeteria
00000155.jpg,cafeteria
00000058.jpg,cafeteria
00000150.jpg,cafeteria
00000146.jpg,cafeteria
00000024.jpg,cafeteria
00000079.jpg,cafeteria
00000170.jpg,cafeteria
00000163.jpg,cafeteria
00000055.jpg,cafeteria
00000166.jpg,cafeteria
00000069.jpg,cafeteria
00000108.jpg,cafeteria
00000030.jpg,cafeteria
00000122.jpg,cafeteria
00000011.jpg,cafeteria
00000060.jpg,cafeteria
00000018.jpg,cafeteria
00000116.jpg,cafeteria
00000118.jpg,cafeteria
00000032.jpg,cafeteria
00000096.jpg,cafeteria
00000176.jpg,cafeteria
00000026.jpg,cafeteria
00000083.jpg,cafeteria
00000144.jpg,cafeteria
00000107.jpg,cafeteria
00000074.jpg,cafeteria
00000005.jpg,cafeteria
00000020.jpg,cafeteria
00000095.jpg,cafeteria
00002279.jpg,desert_road
00002271.jpg,desert_road
00000289.jpg,desert_road
00002338.jpg,desert_road
00003633.jpg,desert_road
00000128.jpg,desert_road
00004738.jpg,desert_road
00000698.jpg,desert_road
00002273.jpg,desert_road
00004388.jpg,desert_road
00000541.jpg,desert_road
00003389.jpg,desert_road
00004861.jpg,desert_road
00004509.jpg,desert_road
00000029.jpg,desert_road
00003713.jpg,desert_road
00004181.jpg,desert_road
00003386.jpg,desert_road
00004166.jpg,desert_road
00004006.jpg,desert_road
00001931.jpg,desert_road
00000894.jpg,desert_road
00000482.jpg,desert_road
00000169.jpg,elevator_shaft
00000066.jpg,elevator_shaft
00000189.jpg,elevator_shaft
00000085.jpg,elevator_shaft
00000178.jpg,elevator_shaft
00000099.jpg,elevator_shaft
00000100.jpg,elevator_shaft
00000121.jpg,elevator_shaft
00000188.jpg,elevator_shaft
00000156.jpg,elevator_shaft
00000072.jpg,elevator_shaft
00000141.jpg,elevator_shaft
00000191.jpg,elevator_shaft
00000063.jpg,elevator_shaft
00000147.jpg,elevator_shaft
00000095.jpg,elevator_shaft
00000115.jpg,elevator_shaft
00000186.jpg,elevator_shaft
00000047.jpg,elevator_shaft
00000118.jpg,elevator_shaft
00000024.jpg,elevator_shaft
00000192.jpg,elevator_shaft
00000168.jpg,elevator_shaft
00000114.jpg,elevator_shaft
00000025.jpg,elevator_shaft
00000036.jpg,elevator_shaft
00000035.jpg,elevator_shaft
00000019.jpg,elevator_shaft
00000004.jpg,elevator_shaft
00000170.jpg,elevator_shaft
00000187.jpg,elevator_shaft
00000009.jpg,elevator_shaft
00000006.jpg,elevator_shaft
00000183.jpg,elevator_shaft
00000068.jpg,elevator_shaft
00000092.jpg,elevator_shaft
00000034.jpg,elevator_shaft
00000014.jpg,elevator_shaft
00000181.jpg,elevator_shaft
00000001.jpg,elevator_shaft
00000007.jpg,elevator_shaft
00000040.jpg,elevator_shaft
00000010.jpg,elevator_shaft
00000199.jpg,elevator_shaft
00000171.jpg,elevator_shaft
00000043.jpg,elevator_shaft
00000142.jpg,elevator_shaft
00000055.jpg,elevator_shaft
00000132.jpg,elevator_shaft
00000093.jpg,elevator_shaft
00000103.jpg,elevator_shaft
00000120.jpg,elevator_shaft
00000190.jpg,elevator_shaft
00000011.jpg,elevator_shaft
00000125.jpg,elevator_shaft
00000017.jpg,elevator_shaft
00000090.jpg,elevator_shaft
00000195.jpg,elevator_shaft
00000005.jpg,elevator_shaft
00000058.jpg,elevator_shaft
00000151.jpg,elevator_shaft
00000137.jpg,elevator_shaft
00000143.jpg,elevator_shaft
00000065.jpg,elevator_shaft
00000173.jpg,elevator_shaft
00000030.jpg,elevator_shaft
00000018.jpg,elevator_shaft
00000172.jpg,elevator_shaft
00000128.jpg,elevator_shaft
00000039.jpg,elevator_shaft
00000064.jpg,elevator_shaft
00000130.jpg,elevator_shaft
00000166.jpg,elevator_shaft
00000080.jpg,elevator_shaft
00000154.jpg,elevator_shaft
00000157.jpg,elevator_shaft
00000182.jpg,elevator_shaft
00000122.jpg,elevator_shaft
00000105.jpg,elevator_shaft
00000179.jpg,elevator_shaft
00000131.jpg,elevator_shaft
00000081.jpg,elevator_shaft
00000193.jpg,elevator_shaft
00000146.jpg,elevator_shaft
00000029.jpg,elevator_shaft
00000033.jpg,elevator_shaft
00000196.jpg,elevator_shaft
00000052.jpg,elevator_shaft
00000074.jpg,elevator_shaft
00000102.jpg,elevator_shaft
00000038.jpg,elevator_shaft
00000070.jpg,elevator_shaft
00000045.jpg,elevator_shaft
00000123.jpg,elevator_shaft
00000084.jpg,elevator_shaft
00000180.jpg,elevator_shaft
00000057.jpg,elevator_shaft
00000158.jpg,elevator_shaft
00000031.jpg,elevator_shaft
00000087.jpg,elevator_shaft
00000135.jpg,elevator_shaft
00000083.jpg,elevator_shaft
00000049.jpg,elevator_shaft
00000116.jpg,elevator_shaft
00000048.jpg,elevator_shaft
00000078.jpg,elevator_shaft
00000161.jpg,elevator_shaft
00000159.jpg,elevator_shaft
00000107.jpg,elevator_shaft
00000138.jpg,elevator_shaft
00000086.jpg,elevator_shaft
00000042.jpg,elevator_shaft
00000089.jpg,elevator_shaft
00000106.jpg,elevator_shaft
00000013.jpg,elevator_shaft
00000023.jpg,elevator_shaft
00000053.jpg,elevator_shaft
00000174.jpg,elevator_shaft
00000167.jpg,elevator_shaft
00000140.jpg,elevator_shaft
00000160.jpg,elevator_shaft
00000098.jpg,elevator_shaft
00000110.jpg,elevator_shaft
00000041.jpg,elevator_shaft
00000101.jpg,elevator_shaft
00000075.jpg,elevator_shaft
00000096.jpg,elevator_shaft
00000149.jpg,elevator_shaft
00000136.jpg,elevator_shaft
00000119.jpg,elevator_shaft
00000060.jpg,elevator_shaft
00000126.jpg,elevator_shaft
00000175.jpg,elevator_shaft
00000044.jpg,elevator_shaft
00000109.jpg,elevator_shaft
00000026.jpg,elevator_shaft
00000020.jpg,elevator_shaft
00000134.jpg,elevator_shaft
00000076.jpg,elevator_shaft
00000163.jpg,elevator_shaft
00000162.jpg,elevator_shaft
00000088.jpg,elevator_shaft
00000129.jpg,elevator_shaft
00000112.jpg,elevator_shaft
00000071.jpg,elevator_shaft
00000153.jpg,elevator_shaft
00000051.jpg,elevator_shaft
00000094.jpg,elevator_shaft
00000097.jpg,elevator_shaft
00000077.jpg,elevator_shaft
00000016.jpg,elevator_shaft
00000021.jpg,elevator_shaft
00000117.jpg,elevator_shaft
00000027.jpg,elevator_shaft
00000054.jpg,elevator_shaft
00000079.jpg,elevator_shaft
00000022.jpg,elevator_shaft
00000127.jpg,elevator_shaft
00000002.jpg,elevator_shaft
00000108.jpg,elevator_shaft
00000164.jpg,elevator_shaft
00000148.jpg,elevator_shaft
00000185.jpg,elevator_shaft
00000050.jpg,elevator_shaft
00000046.jpg,elevator_shaft
00000069.jpg,elevator_shaft
00000200.jpg,elevator_shaft
00000061.jpg,elevator_shaft
00000139.jpg,elevator_shaft
00000008.jpg,elevator_shaft
00000144.jpg,elevator_shaft
00000165.jpg,elevator_shaft
00000091.jpg,elevator_shaft
00000197.jpg,elevator_shaft
00000133.jpg,elevator_shaft
00000124.jpg,elevator_shaft
00000194.jpg,elevator_shaft
00000176.jpg,elevator_shaft
00000113.jpg,elevator_shaft
00000150.jpg,elevator_shaft
00000056.jpg,elevator_shaft
00000145.jpg,elevator_shaft
00000184.jpg,elevator_shaft
00000003.jpg,elevator_shaft
00000111.jpg,elevator_shaft
00000067.jpg,elevator_shaft
00000059.jpg,elevator_shaft
00000155.jpg,elevator_shaft
00000073.jpg,elevator_shaft
00000177.jpg,elevator_shaft
00000032.jpg,elevator_shaft
00000012.jpg,elevator_shaft
00000037.jpg,elevator_shaft
00000082.jpg,elevator_shaft
00000104.jpg,elevator_shaft
00000062.jpg,elevator_shaft
00000198.jpg,elevator_shaft
00000152.jpg,elevator_shaft
00000028.jpg,elevator_shaft
00000015.jpg,elevator_shaft
00000135.jpg,farm
00000098.jpg,farm
00000014.jpg,farm
00000120.jpg,farm
00000084.jpg,farm
00000194.jpg,farm
00000068.jpg,farm
00000132.jpg,farm
00000034.jpg,farm
00000105.jpg,farm
00000009.jpg,farm
00000096.jpg,farm
00000180.jpg,farm
00000197.jpg,farm
00000163.jpg,farm
00000083.jpg,farm
00000042.jpg,farm
00000085.jpg,farm
00000002.jpg,farm
00000177.jpg,farm
00000185.jpg,farm
00000195.jpg,farm
00000190.jpg,farm
00000175.jpg,farm
00000055.jpg,farm
00000134.jpg,farm
00000142.jpg,farm
00000092.jpg,farm
00000148.jpg,farm
00000078.jpg,farm
00000129.jpg,farm
00000128.jpg,farm
00000170.jpg,farm
00000053.jpg,farm
00000168.jpg,farm
00000013.jpg,farm
00000110.jpg,farm
00000026.jpg,farm
00000025.jpg,farm
00000126.jpg,farm
00000157.jpg,farm
00000012.jpg,farm
00000087.jpg,farm
00000117.jpg,farm
00000115.jpg,farm
00000192.jpg,farm
00000066.jpg,farm
00000143.jpg,farm
00000046.jpg,farm
00000024.jpg,farm
00000131.jpg,farm
00000004.jpg,farm
00000191.jpg,farm
00000023.jpg,farm
00000005.jpg,farm
00000169.jpg,farm
00000119.jpg,farm
00000099.jpg,farm
00000028.jpg,farm
00000103.jpg,farm
00000070.jpg,farm
00000075.jpg,farm
00000095.jpg,farm
00000051.jpg,farm
00000008.jpg,farm
00000199.jpg,farm
00000043.jpg,farm
00000112.jpg,farm
00000162.jpg,farm
00000164.jpg,farm
00000094.jpg,farm
00000077.jpg,farm
00000022.jpg,farm
00000029.jpg,farm
00000036.jpg,farm
00000093.jpg,farm
00000150.jpg,farm
00000061.jpg,farm
00000181.jpg,farm
00000062.jpg,farm
00000082.jpg,farm
00000106.jpg,farm
00000091.jpg,farm
00000159.jpg,farm
00000172.jpg,farm
00000064.jpg,farm
00000007.jpg,farm
00000052.jpg,farm
00000125.jpg,farm
00000171.jpg,farm
00000017.jpg,farm
00000054.jpg,farm
00000187.jpg,farm
00000107.jpg,farm
00000149.jpg,farm
00000179.jpg,farm
00000021.jpg,farm
00000155.jpg,farm
00000127.jpg,farm
00000072.jpg,farm
00000039.jpg,farm
00000139.jpg,farm
00000122.jpg,farm
00000058.jpg,farm
00000097.jpg,farm
00000049.jpg,farm
00000198.jpg,farm
00000165.jpg,farm
00000178.jpg,farm
00000167.jpg,farm
00000047.jpg,farm
00000067.jpg,farm
00000151.jpg,farm
00000141.jpg,farm
00000123.jpg,farm
00000147.jpg,farm
00000080.jpg,farm
00000050.jpg,farm
00000015.jpg,farm
00000154.jpg,farm
00000037.jpg,farm
00000020.jpg,farm
00000100.jpg,farm
00000071.jpg,farm
00000041.jpg,farm
00000056.jpg,farm
00000109.jpg,farm
00000040.jpg,farm
00000086.jpg,farm
00000060.jpg,farm
00000140.jpg,farm
00000073.jpg,farm
00000018.jpg,farm
00000114.jpg,farm
00000145.jpg,farm
00000102.jpg,farm
00000059.jpg,farm
00000032.jpg,farm
00000130.jpg,farm
00000079.jpg,farm
00000173.jpg,farm
00000188.jpg,farm
00000113.jpg,farm
00000010.jpg,farm
00000074.jpg,farm
00000166.jpg,farm
00000156.jpg,farm
00000031.jpg,farm
00000045.jpg,farm
00000044.jpg,farm
00000088.jpg,farm
00000081.jpg,farm
00000033.jpg,farm
00000182.jpg,farm
00000108.jpg,farm
00000193.jpg,farm
00000001.jpg,farm
00000038.jpg,farm
00000158.jpg,farm
00000121.jpg,farm
00000104.jpg,farm
00000176.jpg,farm
00000011.jpg,farm
00000019.jpg,farm
00000136.jpg,farm
00000027.jpg,farm
00000146.jpg,farm
00000137.jpg,farm
00000016.jpg,farm
00000200.jpg,farm
00000063.jpg,farm
00000144.jpg,farm
00000118.jpg,farm
00000003.jpg,farm
00000057.jpg,farm
00000065.jpg,farm
00000076.jpg,farm
00000133.jpg,farm
00000111.jpg,farm
00000116.jpg,farm
00000035.jpg,farm
00000101.jpg,farm
00000124.jpg,farm
00000152.jpg,farm
00000048.jpg,farm
00000189.jpg,farm
00000186.jpg,farm
00000089.jpg,farm
00000138.jpg,farm
00000184.jpg,farm
00000196.jpg,farm
00000174.jpg,farm
00000030.jpg,farm
00000183.jpg,farm
00000006.jpg,farm
00000090.jpg,farm
00000160.jpg,farm
00000153.jpg,farm
00000069.jpg,farm
00000161.jpg,farm
00000080.jpg,florist_shop-indoor
00000090.jpg,florist_shop-indoor
00000096.jpg,florist_shop-indoor
00000170.jpg,florist_shop-indoor
00000113.jpg,florist_shop-indoor
00000138.jpg,florist_shop-indoor
00000079.jpg,florist_shop-indoor
00000070.jpg,florist_shop-indoor
00000001.jpg,florist_shop-indoor
00000143.jpg,florist_shop-indoor
00000038.jpg,florist_shop-indoor
00000105.jpg,florist_shop-indoor
00000178.jpg,florist_shop-indoor
00000137.jpg,florist_shop-indoor
00000017.jpg,florist_shop-indoor
00000150.jpg,florist_shop-indoor
00000179.jpg,florist_shop-indoor
00000199.jpg,florist_shop-indoor
00000134.jpg,florist_shop-indoor
00000056.jpg,florist_shop-indoor
00000142.jpg,florist_shop-indoor
00000197.jpg,florist_shop-indoor
00000050.jpg,florist_shop-indoor
00000081.jpg,florist_shop-indoor
00000163.jpg,florist_shop-indoor
00000128.jpg,florist_shop-indoor
00000124.jpg,florist_shop-indoor
00000057.jpg,florist_shop-indoor
00000027.jpg,florist_shop-indoor
00000012.jpg,florist_shop-indoor
00000135.jpg,florist_shop-indoor
00000187.jpg,florist_shop-indoor
00000157.jpg,florist_shop-indoor
00000164.jpg,florist_shop-indoor
00000151.jpg,florist_shop-indoor
00000120.jpg,florist_shop-indoor
00000030.jpg,florist_shop-indoor
00000019.jpg,florist_shop-indoor
00000191.jpg,florist_shop-indoor
00000118.jpg,florist_shop-indoor
00000058.jpg,florist_shop-indoor
00000109.jpg,florist_shop-indoor
00000063.jpg,florist_shop-indoor
00000161.jpg,florist_shop-indoor
00000155.jpg,florist_shop-indoor
00000059.jpg,florist_shop-indoor
00000168.jpg,florist_shop-indoor
00000103.jpg,florist_shop-indoor
00000108.jpg,florist_shop-indoor
00000181.jpg,florist_shop-indoor
00000049.jpg,florist_shop-indoor
00000123.jpg,florist_shop-indoor
00000149.jpg,florist_shop-indoor
00000101.jpg,florist_shop-indoor
00000192.jpg,florist_shop-indoor
00000028.jpg,florist_shop-indoor
00000084.jpg,florist_shop-indoor
00000024.jpg,florist_shop-indoor
00000053.jpg,florist_shop-indoor
00000087.jpg,florist_shop-indoor
00000162.jpg,florist_shop-indoor
00000042.jpg,florist_shop-indoor
00000045.jpg,florist_shop-indoor
00000111.jpg,florist_shop-indoor
00000086.jpg,florist_shop-indoor
00000177.jpg,florist_shop-indoor
00000183.jpg,florist_shop-indoor
00000125.jpg,florist_shop-indoor
00000082.jpg,florist_shop-indoor
00000016.jpg,florist_shop-indoor
00000002.jpg,florist_shop-indoor
00000007.jpg,florist_shop-indoor
00000061.jpg,florist_shop-indoor
00000117.jpg,florist_shop-indoor
00000139.jpg,florist_shop-indoor
00000190.jpg,florist_shop-indoor
00000054.jpg,florist_shop-indoor
00000094.jpg,florist_shop-indoor
00000060.jpg,florist_shop-indoor
00000115.jpg,florist_shop-indoor
00000067.jpg,florist_shop-indoor
00000147.jpg,florist_shop-indoor
00000088.jpg,florist_shop-indoor
00000098.jpg,florist_shop-indoor
00000029.jpg,florist_shop-indoor
00000065.jpg,florist_shop-indoor
00000095.jpg,florist_shop-indoor
00000009.jpg,florist_shop-indoor
00000144.jpg,florist_shop-indoor
00000185.jpg,florist_shop-indoor
00000182.jpg,florist_shop-indoor
00000136.jpg,florist_shop-indoor
00000033.jpg,florist_shop-indoor
00000003.jpg,florist_shop-indoor
00000166.jpg,florist_shop-indoor
00000129.jpg,florist_shop-indoor
00000040.jpg,florist_shop-indoor
00000132.jpg,florist_shop-indoor
00000140.jpg,florist_shop-indoor
00000004.jpg,florist_shop-indoor
00000046.jpg,florist_shop-indoor
00000171.jpg,florist_shop-indoor
00000031.jpg,florist_shop-indoor
00000083.jpg,florist_shop-indoor
00000114.jpg,florist_shop-indoor
00000036.jpg,florist_shop-indoor
00000072.jpg,florist_shop-indoor
00000039.jpg,florist_shop-indoor
00000091.jpg,florist_shop-indoor
00000047.jpg,florist_shop-indoor
00000110.jpg,florist_shop-indoor
00000099.jpg,florist_shop-indoor
00000175.jpg,florist_shop-indoor
00000093.jpg,florist_shop-indoor
00000127.jpg,florist_shop-indoor
00000068.jpg,florist_shop-indoor
00000130.jpg,florist_shop-indoor
00000107.jpg,florist_shop-indoor
00000069.jpg,florist_shop-indoor
00000014.jpg,florist_shop-indoor
00000186.jpg,florist_shop-indoor
00000035.jpg,florist_shop-indoor
00000131.jpg,florist_shop-indoor
00000044.jpg,florist_shop-indoor
00000089.jpg,florist_shop-indoor
00000051.jpg,florist_shop-indoor
00000010.jpg,florist_shop-indoor
00000133.jpg,florist_shop-indoor
00000071.jpg,florist_shop-indoor
00000066.jpg,florist_shop-indoor
00000034.jpg,florist_shop-indoor
00000011.jpg,florist_shop-indoor
00000026.jpg,florist_shop-indoor
00000064.jpg,florist_shop-indoor
00000159.jpg,florist_shop-indoor
00000194.jpg,florist_shop-indoor
00000015.jpg,florist_shop-indoor
00000025.jpg,florist_shop-indoor
00000022.jpg,florist_shop-indoor
00000200.jpg,florist_shop-indoor
00000074.jpg,florist_shop-indoor
00000165.jpg,florist_shop-indoor
00000121.jpg,florist_shop-indoor
00000146.jpg,florist_shop-indoor
00000106.jpg,florist_shop-indoor
00000078.jpg,florist_shop-indoor
00000006.jpg,florist_shop-indoor
00000152.jpg,florist_shop-indoor
00000126.jpg,florist_shop-indoor
00000062.jpg,florist_shop-indoor
00000097.jpg,florist_shop-indoor
00000008.jpg,florist_shop-indoor
00000116.jpg,florist_shop-indoor
00000102.jpg,florist_shop-indoor
00000013.jpg,florist_shop-indoor
00000169.jpg,florist_shop-indoor
00000048.jpg,florist_shop-indoor
00000167.jpg,florist_shop-indoor
00000041.jpg,florist_shop-indoor
00000154.jpg,florist_shop-indoor
00000173.jpg,florist_shop-indoor
00000148.jpg,florist_shop-indoor
00000052.jpg,florist_shop-indoor
00000077.jpg,florist_shop-indoor
00000153.jpg,florist_shop-indoor
00000196.jpg,florist_shop-indoor
00000023.jpg,florist_shop-indoor
00000145.jpg,florist_shop-indoor
00000180.jpg,florist_shop-indoor
00000073.jpg,florist_shop-indoor
00000043.jpg,florist_shop-indoor
00000032.jpg,florist_shop-indoor
00000076.jpg,florist_shop-indoor
00000160.jpg,florist_shop-indoor
00000193.jpg,florist_shop-indoor
00000021.jpg,florist_shop-indoor
00000195.jpg,florist_shop-indoor
00000176.jpg,florist_shop-indoor
00000075.jpg,florist_shop-indoor
00000122.jpg,florist_shop-indoor
00000188.jpg,florist_shop-indoor
00000112.jpg,florist_shop-indoor
00000189.jpg,florist_shop-indoor
00000119.jpg,florist_shop-indoor
00000037.jpg,florist_shop-indoor
00000156.jpg,florist_shop-indoor
00000100.jpg,florist_shop-indoor
00000172.jpg,florist_shop-indoor
00000085.jpg,florist_shop-indoor
00000020.jpg,florist_shop-indoor
00000005.jpg,florist_shop-indoor
00000141.jpg,florist_shop-indoor
00000184.jpg,florist_shop-indoor
00000158.jpg,florist_shop-indoor
00000055.jpg,florist_shop-indoor
00000018.jpg,florist_shop-indoor
00000198.jpg,florist_shop-indoor
00000174.jpg,florist_shop-indoor
00000092.jpg,florist_shop-indoor
00000104.jpg,florist_shop-indoor
00000108.jpg,lake-natural
00000170.jpg,lake-natural
00000145.jpg,lake-natural
00000125.jpg,lake-natural
00000050.jpg,lake-natural
00000150.jpg,lake-natural
00000018.jpg,lake-natural
00000174.jpg,lake-natural
00000198.jpg,lake-natural
00000093.jpg,lake-natural
00000020.jpg,lake-natural
00000081.jpg,lake-natural
00000153.jpg,lake-natural
00000013.jpg,lake-natural
00000197.jpg,lake-natural
00000123.jpg,lake-natural
00000152.jpg,lake-natural
00000016.jpg,lake-natural
00000073.jpg,lake-natural
00000068.jpg,lake-natural
00000180.jpg,lake-natural
00000017.jpg,lake-natural
00000064.jpg,lake-natural
00000045.jpg,lake-natural
00000179.jpg,lake-natural
00000024.jpg,lake-natural
00000163.jpg,lake-natural
00000090.jpg,lake-natural
00000082.jpg,lake-natural
00000047.jpg,lake-natural
00000182.jpg,lake-natural
00000007.jpg,lake-natural
00000146.jpg,lake-natural
00000109.jpg,lake-natural
00000037.jpg,lake-natural
00000059.jpg,lake-natural
00000199.jpg,lake-natural
00000001.jpg,lake-natural
00000099.jpg,lake-natural
00000130.jpg,lake-natural
00000166.jpg,lake-natural
00000159.jpg,lake-natural
00000176.jpg,lake-natural
00000129.jpg,lake-natural
00000067.jpg,lake-natural
00000039.jpg,lake-natural
00000136.jpg,lake-natural
00000114.jpg,lake-natural
00000122.jpg,lake-natural
00000124.jpg,lake-natural
00000147.jpg,lake-natural
00000140.jpg,lake-natural
00000027.jpg,lake-natural
00000087.jpg,lake-natural
00000120.jpg,lake-natural
00000121.jpg,lake-natural
00000053.jpg,lake-natural
00000192.jpg,lake-natural
00000061.jpg,lake-natural
00000058.jpg,lake-natural
00000181.jpg,lake-natural
00000070.jpg,lake-natural
00000048.jpg,lake-natural
00000009.jpg,lake-natural
00000041.jpg,lake-natural
00000035.jpg,lake-natural
00000189.jpg,lake-natural
00000128.jpg,lake-natural
00000004.jpg,lake-natural
00000030.jpg,lake-natural
00000084.jpg,lake-natural
00000029.jpg,lake-natural
00000151.jpg,lake-natural
00000085.jpg,lake-natural
00000107.jpg,lake-natural
00000022.jpg,lake-natural
00000052.jpg,lake-natural
00000056.jpg,lake-natural
00000011.jpg,lake-natural
00000014.jpg,lake-natural
00000173.jpg,lake-natural
00000126.jpg,lake-natural
00000137.jpg,lake-natural
00000080.jpg,lake-natural
00000043.jpg,lake-natural
00000186.jpg,lake-natural
00000088.jpg,lake-natural
00000098.jpg,lake-natural
00000149.jpg,lake-natural
00000158.jpg,lake-natural
00000057.jpg,lake-natural
00000066.jpg,lake-natural
00000065.jpg,lake-natural
00000164.jpg,lake-natural
00000008.jpg,lake-natural
00000054.jpg,lake-natural
00000012.jpg,lake-natural
00000072.jpg,lake-natural
00000160.jpg,lake-natural
00000049.jpg,lake-natural
00000086.jpg,lake-natural
00000051.jpg,lake-natural
00000178.jpg,lake-natural
00000077.jpg,lake-natural
00000167.jpg,lake-natural
00000200.jpg,lake-natural
00000062.jpg,lake-natural
00000193.jpg,lake-natural
00000079.jpg,lake-natural
00000031.jpg,lake-natural
00000156.jpg,lake-natural
00000143.jpg,lake-natural
00000095.jpg,lake-natural
00000134.jpg,lake-natural
00000175.jpg,lake-natural
00000195.jpg,lake-natural
00000194.jpg,lake-natural
00000187.jpg,lake-natural
00000092.jpg,lake-natural
00000010.jpg,lake-natural
00000184.jpg,lake-natural
00000040.jpg,lake-natural
00000111.jpg,lake-natural
00000003.jpg,lake-natural
00000006.jpg,lake-natural
00000025.jpg,lake-natural
00000133.jpg,lake-natural
00000044.jpg,lake-natural
00000106.jpg,lake-natural
00000038.jpg,lake-natural
00000105.jpg,lake-natural
00000074.jpg,lake-natural
00000036.jpg,lake-natural
00000019.jpg,lake-natural
00000042.jpg,lake-natural
00000060.jpg,lake-natural
00000097.jpg,lake-natural
00000169.jpg,lake-natural
00000131.jpg,lake-natural
00000100.jpg,lake-natural
00000157.jpg,lake-natural
00000075.jpg,lake-natural
00000191.jpg,lake-natural
00000161.jpg,lake-natural
00000034.jpg,lake-natural
00000144.jpg,lake-natural
00000102.jpg,lake-natural
00000141.jpg,lake-natural
00000032.jpg,lake-natural
00000023.jpg,lake-natural
00000177.jpg,lake-natural
00000110.jpg,lake-natural
00000071.jpg,lake-natural
00000113.jpg,lake-natural
00000021.jpg,lake-natural
00000112.jpg,lake-natural
00000154.jpg,lake-natural
00000119.jpg,lake-natural
00000096.jpg,lake-natural
00000094.jpg,lake-natural
00000117.jpg,lake-natural
00000165.jpg,lake-natural
00000185.jpg,lake-natural
00000026.jpg,lake-natural
00000115.jpg,lake-natural
00000076.jpg,lake-natural
00000055.jpg,lake-natural
00000103.jpg,lake-natural
00000091.jpg,lake-natural
00000116.jpg,lake-natural
00000118.jpg,lake-natural
00000142.jpg,lake-natural
00000127.jpg,lake-natural
00000005.jpg,lake-natural
00000101.jpg,lake-natural
00000069.jpg,lake-natural
00000046.jpg,lake-natural
00000078.jpg,lake-natural
00000135.jpg,lake-natural
00000015.jpg,lake-natural
00000155.jpg,lake-natural
00000190.jpg,lake-natural
00000138.jpg,lake-natural
00000171.jpg,lake-natural
00000132.jpg,lake-natural
00000002.jpg,lake-natural
00000028.jpg,lake-natural
00000089.jpg,lake-natural
00000033.jpg,lake-natural
00000196.jpg,lake-natural
00000139.jpg,lake-natural
00000104.jpg,lake-natural
00000162.jpg,lake-natural
00000172.jpg,lake-natural
00000083.jpg,lake-natural
00000168.jpg,lake-natural
00000183.jpg,lake-natural
00000063.jpg,lake-natural
00000148.jpg,lake-natural
00000188.jpg,lake-natural
00000032.jpg,pagoda
00000183.jpg,pagoda
00000128.jpg,pagoda
00000199.jpg,pagoda
00000070.jpg,pagoda
00000120.jpg,pagoda
00000196.jpg,pagoda
00000069.jpg,pagoda
00000076.jpg,pagoda
00000034.jpg,pagoda
00000186.jpg,pagoda
00000046.jpg,pagoda
00000152.jpg,pagoda
00000112.jpg,pagoda
00000099.jpg,pagoda
00000123.jpg,pagoda
00000158.jpg,pagoda
00000109.jpg,pagoda
00000071.jpg,pagoda
00000068.jpg,pagoda
00000091.jpg,pagoda
00000085.jpg,pagoda
00000031.jpg,pagoda
00000038.jpg,pagoda
00000100.jpg,pagoda
00000145.jpg,pagoda
00000075.jpg,pagoda
00000189.jpg,pagoda
00000129.jpg,pagoda
00000078.jpg,pagoda
00000184.jpg,pagoda
00000192.jpg,pagoda
00000005.jpg,pagoda
00000177.jpg,pagoda
00000093.jpg,pagoda
00000157.jpg,pagoda
00000029.jpg,pagoda
00000013.jpg,pagoda
00000137.jpg,pagoda
00000163.jpg,pagoda
00000001.jpg,pagoda
00000182.jpg,pagoda
00000160.jpg,pagoda
00000073.jpg,pagoda
00000077.jpg,pagoda
00000055.jpg,pagoda
00000094.jpg,pagoda
00000179.jpg,pagoda
00000048.jpg,pagoda
00000020.jpg,pagoda
00000061.jpg,pagoda
00000101.jpg,pagoda
00000108.jpg,pagoda
00000035.jpg,pagoda
00000003.jpg,pagoda
00000041.jpg,pagoda
00000002.jpg,pagoda
00000063.jpg,pagoda
00000057.jpg,pagoda
00000156.jpg,pagoda
00000125.jpg,pagoda
00000089.jpg,pagoda
00000106.jpg,pagoda
00000024.jpg,pagoda
00000119.jpg,pagoda
00000095.jpg,pagoda
00000131.jpg,pagoda
00000146.jpg,pagoda
00000142.jpg,pagoda
00000067.jpg,pagoda
00000144.jpg,pagoda
00000052.jpg,pagoda
00000036.jpg,pagoda
00000053.jpg,pagoda
00000198.jpg,pagoda
00000180.jpg,pagoda
00000143.jpg,pagoda
00000012.jpg,pagoda
00000176.jpg,pagoda
00000010.jpg,pagoda
00000175.jpg,pagoda
00000187.jpg,pagoda
00000140.jpg,pagoda
00000011.jpg,pagoda
00000006.jpg,pagoda
00000197.jpg,pagoda
00000170.jpg,pagoda
00000022.jpg,pagoda
00000030.jpg,pagoda
00000104.jpg,pagoda
00000194.jpg,pagoda
00000116.jpg,pagoda
00000174.jpg,pagoda
00000165.jpg,pagoda
00000154.jpg,pagoda
00000064.jpg,pagoda
00000161.jpg,pagoda
00000138.jpg,pagoda
00000190.jpg,pagoda
00000113.jpg,pagoda
00000173.jpg,pagoda
00000045.jpg,pagoda
00000134.jpg,pagoda
00000082.jpg,pagoda
00000009.jpg,pagoda
00000043.jpg,pagoda
00000191.jpg,pagoda
00000008.jpg,pagoda
00000149.jpg,pagoda
00000110.jpg,pagoda
00000114.jpg,pagoda
00000044.jpg,pagoda
00000102.jpg,pagoda
00000017.jpg,pagoda
00000056.jpg,pagoda
00000200.jpg,pagoda
00000026.jpg,pagoda
00000121.jpg,pagoda
00000155.jpg,pagoda
00000130.jpg,pagoda
00000111.jpg,pagoda
00000147.jpg,pagoda
00000135.jpg,pagoda
00000164.jpg,pagoda
00000132.jpg,pagoda
00000159.jpg,pagoda
00000126.jpg,pagoda
00000027.jpg,pagoda
00000118.jpg,pagoda
00000062.jpg,pagoda
00000098.jpg,pagoda
00000037.jpg,pagoda
00000169.jpg,pagoda
00000136.jpg,pagoda
00000079.jpg,pagoda
00000039.jpg,pagoda
00000066.jpg,pagoda
00000015.jpg,pagoda
00000195.jpg,pagoda
00000181.jpg,pagoda
00000019.jpg,pagoda
00000028.jpg,pagoda
00000087.jpg,pagoda
00000072.jpg,pagoda
00000151.jpg,pagoda
00000115.jpg,pagoda
00000107.jpg,pagoda
00000153.jpg,pagoda
00000049.jpg,pagoda
00000090.jpg,pagoda
00000150.jpg,pagoda
00000004.jpg,pagoda
00000054.jpg,pagoda
00000042.jpg,pagoda
00000084.jpg,pagoda
00000040.jpg,pagoda
00000178.jpg,pagoda
00000167.jpg,pagoda
00000188.jpg,pagoda
00000025.jpg,pagoda
00000103.jpg,pagoda
00000047.jpg,pagoda
00000171.jpg,pagoda
00000023.jpg,pagoda
00000050.jpg,pagoda
00000105.jpg,pagoda
00000065.jpg,pagoda
00000016.jpg,pagoda
00000124.jpg,pagoda
00000060.jpg,pagoda
00000168.jpg,pagoda
00000185.jpg,pagoda
00000033.jpg,pagoda
00000097.jpg,pagoda
00000122.jpg,pagoda
00000083.jpg,pagoda
00000086.jpg,pagoda
00000117.jpg,pagoda
00000127.jpg,pagoda
00000074.jpg,pagoda
00000058.jpg,pagoda
00000059.jpg,pagoda
00000166.jpg,pagoda
00000133.jpg,pagoda
00000007.jpg,pagoda
00000162.jpg,pagoda
00000139.jpg,pagoda
00000092.jpg,pagoda
00000018.jpg,pagoda
00000051.jpg,pagoda
00000193.jpg,pagoda
00000088.jpg,pagoda
00000148.jpg,pagoda
00000014.jpg,pagoda
00000096.jpg,pagoda
00000081.jpg,pagoda
00000172.jpg,pagoda
00000080.jpg,pagoda
00000021.jpg,pagoda
00000141.jpg,pagoda
00000090.jpg,server_room
00000141.jpg,server_room
00000006.jpg,server_room
00000114.jpg,server_room
00000079.jpg,server_room
00000066.jpg,server_room
00000115.jpg,server_room
00000178.jpg,server_room
00000008.jpg,server_room
00000117.jpg,server_room
00000155.jpg,server_room
00000068.jpg,server_room
00000083.jpg,server_room
00000197.jpg,server_room
00000036.jpg,server_room
00000168.jpg,server_room
00000033.jpg,server_room
00000194.jpg,server_room
00000163.jpg,server_room
00000098.jpg,server_room
00000186.jpg,server_room
00000136.jpg,server_room
00000183.jpg,server_room
00000053.jpg,server_room
00000034.jpg,server_room
00000067.jpg,server_room
00000041.jpg,server_room
00000174.jpg,server_room
00000009.jpg,server_room
00000060.jpg,server_room
00000160.jpg,server_room
00000108.jpg,server_room
00000184.jpg,server_room
00000195.jpg,server_room
00000099.jpg,server_room
00000189.jpg,server_room
00000051.jpg,server_room
00000093.jpg,server_room
00000153.jpg,server_room
00000164.jpg,server_room
00000103.jpg,server_room
00000142.jpg,server_room
00000045.jpg,server_room
00000029.jpg,server_room
00000130.jpg,server_room
00000001.jpg,server_room
00000148.jpg,server_room
00000181.jpg,server_room
00000111.jpg,server_room
00000071.jpg,server_room
00000077.jpg,server_room
00000140.jpg,server_room
00000175.jpg,server_room
00000013.jpg,server_room
00000154.jpg,server_room
00000025.jpg,server_room
00000113.jpg,server_room
00000092.jpg,server_room
00000166.jpg,server_room
00000162.jpg,server_room
00000017.jpg,server_room
00000021.jpg,server_room
00000050.jpg,server_room
00000056.jpg,server_room
00000018.jpg,server_room
00000125.jpg,server_room
00000161.jpg,server_room
00000135.jpg,server_room
00000035.jpg,server_room
00000146.jpg,server_room
00000101.jpg,server_room
00000061.jpg,server_room
00000196.jpg,server_room
00000054.jpg,server_room
00000198.jpg,server_room
00000180.jpg,server_room
00000085.jpg,server_room
00000158.jpg,server_room
00000062.jpg,server_room
00000055.jpg,server_room
00000151.jpg,server_room
00000126.jpg,server_room
00000091.jpg,server_room
00000037.jpg,server_room
00000081.jpg,server_room
00000199.jpg,server_room
00000014.jpg,server_room
00000165.jpg,server_room
00000176.jpg,server_room
00000107.jpg,server_room
00000149.jpg,server_room
00000024.jpg,server_room
00000010.jpg,server_room
00000005.jpg,server_room
00000007.jpg,server_room
00000127.jpg,server_room
00000042.jpg,server_room
00000032.jpg,server_room
00000110.jpg,server_room
00000059.jpg,server_room
00000048.jpg,server_room
00000080.jpg,server_room
00000095.jpg,server_room
00000131.jpg,server_room
00000112.jpg,server_room
00000150.jpg,server_room
00000012.jpg,server_room
00000088.jpg,server_room
00000074.jpg,server_room
00000063.jpg,server_room
00000133.jpg,server_room
00000200.jpg,server_room
00000057.jpg,server_room
00000123.jpg,server_room
00000030.jpg,server_room
00000156.jpg,server_room
00000102.jpg,server_room
00000128.jpg,server_room
00000193.jpg,server_room
00000134.jpg,server_room
00000047.jpg,server_room
00000097.jpg,server_room
00000132.jpg,server_room
00000190.jpg,server_room
00000188.jpg,server_room
00000016.jpg,server_room
00000038.jpg,server_room
00000106.jpg,server_room
00000167.jpg,server_room
00000109.jpg,server_room
00000122.jpg,server_room
00000138.jpg,server_room
00000082.jpg,server_room
00000104.jpg,server_room
00000118.jpg,server_room
00000172.jpg,server_room
00000157.jpg,server_room
00000020.jpg,server_room
00000049.jpg,server_room
00000094.jpg,server_room
00000145.jpg,server_room
00000137.jpg,server_room
00000065.jpg,server_room
00000031.jpg,server_room
00000120.jpg,server_room
00000100.jpg,server_room
00000011.jpg,server_room
00000173.jpg,server_room
00000044.jpg,server_room
00000073.jpg,server_room
00000096.jpg,server_room
00000028.jpg,server_room
00000169.jpg,server_room
00000147.jpg,server_room
00000023.jpg,server_room
00000119.jpg,server_room
00000089.jpg,server_room
00000002.jpg,server_room
00000171.jpg,server_room
00000116.jpg,server_room
00000124.jpg,server_room
00000046.jpg,server_room
00000052.jpg,server_room
00000076.jpg,server_room
00000072.jpg,server_room
00000027.jpg,server_room
00000075.jpg,server_room
00000192.jpg,server_room
00000139.jpg,server_room
00000064.jpg,server_room
00000084.jpg,server_room
00000004.jpg,server_room
00000003.jpg,server_room
00000187.jpg,server_room
00000159.jpg,server_room
00000070.jpg,server_room
00000182.jpg,server_room
00000019.jpg,server_room
00000129.jpg,server_room
00000026.jpg,server_room
00000040.jpg,server_room
00000105.jpg,server_room
00000152.jpg,server_room
00000170.jpg,server_room
00000185.jpg,server_room
00000086.jpg,server_room
00000143.jpg,server_room
00000144.jpg,server_room
00000177.jpg,server_room
00000121.jpg,server_room
00000179.jpg,server_room
00000087.jpg,server_room
00000043.jpg,server_room
00000039.jpg,server_room
00000022.jpg,server_room
00000078.jpg,server_room
00000015.jpg,server_room
00000058.jpg,server_room
00000191.jpg,server_room
00000069.jpg,server_room
00000143.jpg,trench
00000185.jpg,trench
00000120.jpg,trench
00000034.jpg,trench
00000191.jpg,trench
00000132.jpg,trench
00000004.jpg,trench
00000189.jpg,trench
00000052.jpg,trench
00000146.jpg,trench
00000073.jpg,trench
00000006.jpg,trench
00000056.jpg,trench
00000059.jpg,trench
00000148.jpg,trench
00000017.jpg,trench
00000070.jpg,trench
00000167.jpg,trench
00000076.jpg,trench
00000101.jpg,trench
00000021.jpg,trench
00000013.jpg,trench
00000012.jpg,trench
00000020.jpg,trench
00000141.jpg,trench
00000131.jpg,trench
00000155.jpg,trench
00000174.jpg,trench
00000093.jpg,trench
00000140.jpg,trench
00000015.jpg,trench
00000072.jpg,trench
00000183.jpg,trench
00000036.jpg,trench
00000030.jpg,trench
00000198.jpg,trench
00000008.jpg,trench
00000197.jpg,trench
00000011.jpg,trench
00000151.jpg,trench
00000109.jpg,trench
00000041.jpg,trench
00000082.jpg,trench
00000103.jpg,trench
00000193.jpg,trench
00000105.jpg,trench
00000098.jpg,trench
00000037.jpg,trench
00000181.jpg,trench
00000163.jpg,trench
00000088.jpg,trench
00000166.jpg,trench
00000196.jpg,trench
00000080.jpg,trench
00000062.jpg,trench
00000081.jpg,trench
00000061.jpg,trench
00000147.jpg,trench
00000074.jpg,trench
00000180.jpg,trench
00000139.jpg,trench
00000099.jpg,trench
00000024.jpg,trench
00000094.jpg,trench
00000060.jpg,trench
00000112.jpg,trench
00000177.jpg,trench
00000170.jpg,trench
00000137.jpg,trench
00000096.jpg,trench
00000045.jpg,trench
00000057.jpg,trench
00000111.jpg,trench
00000009.jpg,trench
00000085.jpg,trench
00000106.jpg,trench
00000014.jpg,trench
00000089.jpg,trench
00000055.jpg,trench
00000156.jpg,trench
00000186.jpg,trench
00000157.jpg,trench
00000022.jpg,trench
00000178.jpg,trench
00000079.jpg,trench
00000002.jpg,trench
00000005.jpg,trench
00000128.jpg,trench
00000028.jpg,trench
00000077.jpg,trench
00000069.jpg,trench
00000122.jpg,trench
00000063.jpg,trench
00000134.jpg,trench
00000040.jpg,trench
00000152.jpg,trench
00000018.jpg,trench
00000149.jpg,trench
00000119.jpg,trench
00000142.jpg,trench
00000162.jpg,trench
00000051.jpg,trench
00000121.jpg,trench
00000107.jpg,trench
00000171.jpg,trench
00000019.jpg,trench
00000038.jpg,trench
00000108.jpg,trench
00000058.jpg,trench
00000168.jpg,trench
00000086.jpg,trench
00000104.jpg,trench
00000039.jpg,trench
00000048.jpg,trench
00000169.jpg,trench
00000144.jpg,trench
00000187.jpg,trench
00000113.jpg,trench
00000192.jpg,trench
00000123.jpg,trench
00000102.jpg,trench
00000016.jpg,trench
00000188.jpg,trench
00000173.jpg,trench
00000200.jpg,trench
00000182.jpg,trench
00000179.jpg,trench
00000075.jpg,trench
00000068.jpg,trench
00000050.jpg,trench
00000071.jpg,trench
00000115.jpg,trench
00000042.jpg,trench
00000049.jpg,trench
00000029.jpg,trench
00000023.jpg,trench
00000116.jpg,trench
00000117.jpg,trench
00000044.jpg,trench
00000176.jpg,trench
00000194.jpg,trench
00000175.jpg,trench
00000118.jpg,trench
00000158.jpg,trench
00000092.jpg,trench
00000195.jpg,trench
00000087.jpg,trench
00000054.jpg,trench
00000064.jpg,trench
00000043.jpg,trench
00000083.jpg,trench
00000154.jpg,trench
00000110.jpg,trench
00000100.jpg,trench
00000047.jpg,trench
00000090.jpg,trench
00000145.jpg,trench
00000046.jpg,trench
00000035.jpg,trench
00000125.jpg,trench
00000031.jpg,trench
00000084.jpg,trench
00000065.jpg,trench
00000164.jpg,trench
00000153.jpg,trench
00000126.jpg,trench
00000161.jpg,trench
00000160.jpg,trench
00000053.jpg,trench
00000127.jpg,trench
00000091.jpg,trench
00000032.jpg,trench
00000130.jpg,trench
00000026.jpg,trench
00000165.jpg,trench
00000066.jpg,trench
00000190.jpg,trench
00000199.jpg,trench
00000172.jpg,trench
00000184.jpg,trench
00000007.jpg,trench
00000135.jpg,trench
00000001.jpg,trench
00000027.jpg,trench
00000124.jpg,trench
00000138.jpg,trench
00000129.jpg,trench
00000150.jpg,trench
00000078.jpg,trench
00000010.jpg,trench
00000133.jpg,trench
00000003.jpg,trench
00000159.jpg,trench
00000067.jpg,trench
00000114.jpg,trench
00000033.jpg,trench
00000097.jpg,trench
00000095.jpg,trench
00000136.jpg,trench
00000025.jpg,trench
00000027.jpg,waterfall
00000049.jpg,waterfall
00000148.jpg,waterfall
00000167.jpg,waterfall
00000013.jpg,waterfall
00000150.jpg,waterfall
00000048.jpg,waterfall
00000055.jpg,waterfall
00000152.jpg,waterfall
00000099.jpg,waterfall
00000028.jpg,waterfall
00000140.jpg,waterfall
00000059.jpg,waterfall
00000004.jpg,waterfall
00000025.jpg,waterfall
00000170.jpg,waterfall
00000124.jpg,waterfall
00000111.jpg,waterfall
00000141.jpg,waterfall
00000071.jpg,waterfall
00000088.jpg,waterfall
00000093.jpg,waterfall
00000014.jpg,waterfall
00000180.jpg,waterfall
00000144.jpg,waterfall
00000060.jpg,waterfall
00000162.jpg,waterfall
00000145.jpg,waterfall
00000029.jpg,waterfall
00000138.jpg,waterfall
00000096.jpg,waterfall
00000070.jpg,waterfall
00000073.jpg,waterfall
00000177.jpg,waterfall
00000154.jpg,waterfall
00000198.jpg,waterfall
00000086.jpg,waterfall
00000128.jpg,waterfall
00000067.jpg,waterfall
00000183.jpg,waterfall
00000182.jpg,waterfall
00000178.jpg,waterfall
00000023.jpg,waterfall
00000197.jpg,waterfall
00000118.jpg,waterfall
00000078.jpg,waterfall
00000024.jpg,waterfall
00000072.jpg,waterfall
00000168.jpg,waterfall
00000173.jpg,waterfall
00000101.jpg,waterfall
00000130.jpg,waterfall
00000066.jpg,waterfall
00000036.jpg,waterfall
00000037.jpg,waterfall
00000031.jpg,waterfall
00000090.jpg,waterfall
00000190.jpg,waterfall
00000139.jpg,waterfall
00000109.jpg,waterfall
00000113.jpg,waterfall
00000133.jpg,waterfall
00000075.jpg,waterfall
00000085.jpg,waterfall
00000069.jpg,waterfall
00000092.jpg,waterfall
00000105.jpg,waterfall
00000079.jpg,waterfall
00000042.jpg,waterfall
00000121.jpg,waterfall
00000175.jpg,waterfall
00000127.jpg,waterfall
00000155.jpg,waterfall
00000064.jpg,waterfall
00000153.jpg,waterfall
00000058.jpg,waterfall
00000166.jpg,waterfall
00000108.jpg,waterfall
00000199.jpg,waterfall
00000149.jpg,waterfall
00000009.jpg,waterfall
00000038.jpg,waterfall
00000187.jpg,waterfall
00000084.jpg,waterfall
00000061.jpg,waterfall
00000001.jpg,waterfall
00000006.jpg,waterfall
00000179.jpg,waterfall
00000043.jpg,waterfall
00000112.jpg,waterfall
00000134.jpg,waterfall
00000074.jpg,waterfall
00000018.jpg,waterfall
00000030.jpg,waterfall
00000019.jpg,waterfall
00000041.jpg,waterfall
00000158.jpg,waterfall
00000174.jpg,waterfall
00000191.jpg,waterfall
00000181.jpg,waterfall
00000051.jpg,waterfall
00000143.jpg,waterfall
00000161.jpg,waterfall
00000053.jpg,waterfall
00000033.jpg,waterfall
00000185.jpg,waterfall
00000123.jpg,waterfall
00000116.jpg,waterfall
00000135.jpg,waterfall
00000098.jpg,waterfall
00000172.jpg,waterfall
00000057.jpg,waterfall
00000146.jpg,waterfall
00000083.jpg,waterfall
00000122.jpg,waterfall
00000034.jpg,waterfall
00000200.jpg,waterfall
00000100.jpg,waterfall
00000131.jpg,waterfall
00000087.jpg,waterfall
00000117.jpg,waterfall
00000186.jpg,waterfall
00000137.jpg,waterfall
00000010.jpg,waterfall
00000020.jpg,waterfall
00000160.jpg,waterfall
00000080.jpg,waterfall
00000169.jpg,waterfall
00000032.jpg,waterfall
00000077.jpg,waterfall
00000115.jpg,waterfall
00000142.jpg,waterfall
00000192.jpg,waterfall
00000103.jpg,waterfall
00000022.jpg,waterfall
00000016.jpg,waterfall
00000082.jpg,waterfall
00000015.jpg,waterfall
00000062.jpg,waterfall
00000104.jpg,waterfall
00000097.jpg,waterfall
00000040.jpg,waterfall
00000164.jpg,waterfall
00000136.jpg,waterfall
00000159.jpg,waterfall
00000011.jpg,waterfall
00000184.jpg,waterfall
00000195.jpg,waterfall
00000007.jpg,waterfall
00000110.jpg,waterfall
00000106.jpg,waterfall
00000107.jpg,waterfall
00000102.jpg,waterfall
00000156.jpg,waterfall
00000120.jpg,waterfall
00000008.jpg,waterfall
00000188.jpg,waterfall
00000052.jpg,waterfall
00000039.jpg,waterfall
00000081.jpg,waterfall
00000005.jpg,waterfall
00000095.jpg,waterfall
00000089.jpg,waterfall
00000046.jpg,waterfall
00000189.jpg,waterfall
00000017.jpg,waterfall
00000094.jpg,waterfall
00000193.jpg,waterfall
00000054.jpg,waterfall
00000157.jpg,waterfall
00000171.jpg,waterfall
00000044.jpg,waterfall
00000002.jpg,waterfall
00000114.jpg,waterfall
00000068.jpg,waterfall
00000165.jpg,waterfall
00000196.jpg,waterfall
00000194.jpg,waterfall
00000047.jpg,waterfall
00000125.jpg,waterfall
00000129.jpg,waterfall
00000050.jpg,waterfall
00000021.jpg,waterfall
00000012.jpg,waterfall
00000003.jpg,waterfall
00000035.jpg,waterfall
00000091.jpg,waterfall
00000132.jpg,waterfall
00000056.jpg,waterfall
00000151.jpg,waterfall
00000147.jpg,waterfall
00000076.jpg,waterfall
00000163.jpg,waterfall
00000176.jpg,waterfall
00000026.jpg,waterfall
00000063.jpg,waterfall
00000065.jpg,waterfall
00000126.jpg,waterfall
00000119.jpg,waterfall
00000045.jpg,waterfall
